ID,name,createdAt,createdBy,modifiedAt,modifiedBy
13871027-280d-4e29-83a5-f0c0ee1166ee,name-13871027,2015-02-06T22:00:00.000Z,createdBy.89ayb@example.com,2011-08-27T22:00:00.000Z,modifiedBy.89ayb@example.net
28903070-676b-40c0-bc56-b1c22ca74c41,name-28903070,2013-02-16T22:00:00.000Z,createdBy.h7hr2@example.net,2004-04-26T22:00:00.000Z,modifiedBy.h7hr2@example.org
28903071-8ed2-40ce-b20d-ea3685d6eec2,name-28903071,2016-12-25T22:00:00.000Z,createdBy.h7hr3@example.org,2012-10-07T22:00:00.000Z,modifiedBy.h7hr3@example.com
28903072-fb37-4f29-abb0-7840eca160fc,name-28903072,2016-03-11T22:00:00.000Z,createdBy.h7hr4@example.com,2019-08-01T22:00:00.000Z,modifiedBy.h7hr4@example.org
28903073-7b9a-4ef2-9847-559d24e2ff2f,name-28903073,2013-07-26T22:00:00.000Z,createdBy.h7hr5@example.com,2003-04-10T22:00:00.000Z,modifiedBy.h7hr5@example.net
28903074-75b9-47b4-96ea-a35d0386d775,name-28903074,2017-06-30T22:00:00.000Z,createdBy.h7hr6@example.org,2006-01-27T22:00:00.000Z,modifiedBy.h7hr6@example.net
28903075-9681-4d85-933e-fe940725d952,name-28903075,2008-11-14T22:00:00.000Z,createdBy.h7hr7@example.com,2000-08-20T22:00:00.000Z,modifiedBy.h7hr7@example.com
28903076-e750-4681-9096-686f706598cf,name-28903076,2012-06-28T22:00:00.000Z,createdBy.h7hr8@example.net,2000-02-21T22:00:00.000Z,modifiedBy.h7hr8@example.net
28903077-403b-40b1-bb4e-8bccc710ab2a,name-28903077,2005-06-05T22:00:00.000Z,createdBy.h7hr9@example.com,2018-09-05T22:00:00.000Z,modifiedBy.h7hr9@example.org
28903078-21eb-4c1c-942f-563aaf3b4cc5,name-28903078,2009-12-27T22:00:00.000Z,createdBy.h7hra@example.org,2009-08-03T22:00:00.000Z,modifiedBy.h7hra@example.org
28903079-47a9-42f0-9673-acf7669697d3,name-28903079,2007-07-10T22:00:00.000Z,createdBy.h7hrb@example.com,2001-11-02T22:00:00.000Z,modifiedBy.h7hrb@example.com
28903080-4dc9-4c51-b3ba-bfcf0f69453b,name-28903080,2016-12-26T22:00:00.000Z,createdBy.h7hrc@example.com,2015-02-11T22:00:00.000Z,modifiedBy.h7hrc@example.org
28903081-f388-4700-bb0f-8bca70945391,name-28903081,2013-06-17T22:00:00.000Z,createdBy.h7hrd@example.net,2019-09-22T22:00:00.000Z,modifiedBy.h7hrd@example.org
28903082-ab8c-4456-9835-4fc9c27ce613,name-28903082,2018-03-19T22:00:00.000Z,createdBy.h7hre@example.com,2019-09-06T22:00:00.000Z,modifiedBy.h7hre@example.org
28903083-2fff-435a-b44b-1bbe75914728,name-28903083,2018-12-12T22:00:00.000Z,createdBy.h7hrf@example.org,2018-08-13T22:00:00.000Z,modifiedBy.h7hrf@example.net
28903084-90ca-4236-bcd6-c0a33e7970ad,name-28903084,2013-04-03T22:00:00.000Z,createdBy.h7hrg@example.com,2008-11-13T22:00:00.000Z,modifiedBy.h7hrg@example.com
28903085-9d01-4653-8e73-3f3211a8b8f6,name-28903085,2013-04-30T22:00:00.000Z,createdBy.h7hrh@example.org,2023-07-14T22:00:00.000Z,modifiedBy.h7hrh@example.net
28903086-5a36-4c76-bb7d-62e7e47f2070,name-28903086,2014-03-30T22:00:00.000Z,createdBy.h7hri@example.com,2006-10-24T22:00:00.000Z,modifiedBy.h7hri@example.com
28903087-9d25-48a0-97ce-ea3c24d164d3,name-28903087,2002-02-08T22:00:00.000Z,createdBy.h7hrj@example.com,2020-05-29T22:00:00.000Z,modifiedBy.h7hrj@example.com
28903088-5932-4890-a7bc-eb8348f27634,name-28903088,2007-08-31T22:00:00.000Z,createdBy.h7hrk@example.org,2017-01-22T22:00:00.000Z,modifiedBy.h7hrk@example.com